city_region,merchant_id,backend_merchant_id,backend_merchant_name,chain_id,chain_name,latitude,longitude,distance_km,level,scraped_at_utc,source_folder
Bangalore Dark store,31025.0,31024.0,Super Store - Bengaluru E-City Phase1 Warehouse ES46,177.0,Value Store,12.85135135,77.65164805,0.0494,fine,,Blinkit Bangalore Dark store
Bangalore Dark store,37584.0,37585.0,Super Store Bengaluru Talghattapura Warehouse ES155,177.0,Value Store,12.86036036,77.54258923,0.0023,fine,,Blinkit Bangalore Dark store
Bangalore Dark store,37332.0,37333.0,Super Store Bengaluru Yelenahalli Gate Warehouse ES167,177.0,Value Store,12.86261261,77.61560319,0.0235,fine,,Blinkit Bangalore Dark store
Bangalore Dark store,34288.0,34289.0,Super Store Bengaluru Sarjapura Warehouse ES103,177.0,Value Store,12.85990991,77.77734296,0.0104,fine,,Blinkit Bangalore Dark store
Bangalore Dark store,36818.0,36819.0,Super Store Bengaluru Manipal County 2 Warehouse ES152,177.0,Value Store,12.86396396,77.65118594,0.0109,fine,,Blinkit Bangalore Dark store
Bangalore Dark store,35322.0,35323.0,Super Store Bengaluru Rayasandra Warehouse ES128,177.0,Value Store,12.86216216,77.68445812,0.0256,fine,,Blinkit Bangalore Dark store
Bangalore Dark store,31108.0,31107.0,Super Store - Bengaluru JP Nagar 8th Phase Warehouse ES56,177.0,Value Store,12.87072072,77.57586141,0.0305,fine,,Blinkit Bangalore Dark store
Bangalore Dark store,34348.0,34349.0,Super Store Bengaluru Hulimavu Warehouse ES106,177.0,Value Store,12.86486487,77.60035344,0.0012,fine,,Blinkit Bangalore Dark store
Bangalore Dark store,31462.0,31461.0,Super Store - Bengaluru DLF - Akshay Nagar Warehouse ES73,177.0,Value Store,12.87162162,77.61652741,0.0058,fine,,Blinkit Bangalore Dark store
Bangalore Dark store,34752.0,34753.0,Super Store Bengaluru Sobha Oasis Warehouse ES120,177.0,Value Store,12.86756757,77.66273878,0.0348,fine,,Blinkit Bangalore Dark store
Bangalore Dark store,42458.0,42459.0,Super Store Bengaluru Konanakunte Warehouse ES259,177.0,Value Store,12.87387387,77.57077816,0.0468,fine,,Blinkit Bangalore Dark store
Bangalore Dark store,30792.0,30793.0,Super Store - Bengaluru Manipal County Rd Warehouse ES20,177.0,Value Store,12.87477477,77.64841325,0.009,fine,,Blinkit Bangalore Dark store
Bangalore Dark store,40150.0,40151.0,Super Store Bengaluru Brigade Panorama Warehouse ES204,177.0,Value Store,12.88603603,77.45109072,0.0324,fine,,Blinkit Bangalore Dark store
Bangalore Dark store,31250.0,31249.0,Super Store - Bengaluru Hosa Road 2 Warehouse ES52,177.0,Value Store,12.88423423,77.67198105,0.0308,fine,,Blinkit Bangalore Dark store
Bangalore Dark store,30788.0,30766.0,Super Store -  Bengaluru Arekere Warehouse ES33,177.0,Value Store,12.88423424,77.5957323,0.0183,fine,,Blinkit Bangalore Dark store
Bangalore Dark store,30638.0,30637.0,Super Store - Bangalore Hongasandra Warehouse ES30 LD,177.0,Value Store,12.88918919,77.62022433,0.0449,fine,,Blinkit Bangalore Dark store
Bangalore Dark store,30614.0,30613.0,Super Store - Bangalore Haralur Warehouse ES25,177.0,Value Store,12.89324324,77.65026171,0.0217,fine,,Blinkit Bangalore Dark store
Bangalore Dark store,34744.0,34745.0,Super Store Bengaluru Hosur Road Warehouse ES126,177.0,Value Store,12.89594595,77.63270139,0.0165,fine,,Blinkit Bangalore Dark store
Bangalore Dark store,30248.0,30249.0,Super Store - Bangalore Warehouse Kanakpura ES4,177.0,Value Store,12.89504505,77.56569491,0.0342,fine,,Blinkit Bangalore Dark store
Bangalore Dark store,40523.0,40538.0,Super Store Bengaluru Sarjapur Kodathi Warehouse ES234,177.0,Value Store,12.9,77.71911664,0.0851,fine,,Blinkit Bangalore Dark store
Bangalore Dark store,33992.0,33993.0,Super Store Bengaluru BTM Layout Warehouse ES95,177.0,Value Store,12.90585585,77.60913359,0.0731,fine,,Blinkit Bangalore Dark store
Bangalore Dark store,34262.0,34263.0,Super Store Bengaluru ITI Layout Warehouse ES105,177.0,Value Store,12.90315315,77.63870887,0.0264,fine,,Blinkit Bangalore Dark store
Bangalore Dark store,33415.0,33416.0,Super Store Bengaluru Uttarahali Warehouse ES85,177.0,Value Store,12.90765766,77.54582402,0.0291,fine,,Blinkit Bangalore Dark store
Bangalore Dark store,39058.0,39059.0,Super Store Bengaluru JP Nagar 5th Phase Warehouse ES209,177.0,Value Store,12.90585586,77.58649003,0.0246,fine,,Blinkit Bangalore Dark store
Bangalore Dark store,41096.0,41097.0,Super Store Bengaluru BTM Layout 2nd Stage Warehouse ES233,177.0,Value Store,12.90990991,77.60266401,0.0467,fine,,Blinkit Bangalore Dark store
Bangalore Dark store,34994.0,34995.0,Super Store Bengaluru Bommanahalli Warehouse ES129,177.0,Value Store,12.91306306,77.62484546,0.059,fine,,Blinkit Bangalore Dark store
Bangalore Dark store,40589.0,40599.0,Super Store Bengaluru HSR Sector 2 Warehouse ES179,177.0,Value Store,12.90855856,77.65026171,0.0029,fine,,Blinkit Bangalore Dark store
Bangalore Dark store,31304.0,31303.0,Super Store - Bengaluru Hosa Road Warehouse ES37,177.0,Value Store,12.90900901,77.67660219,0.0987,fine,,Blinkit Bangalore Dark store
Bangalore Dark store,36730.0,36731.0,Super Store Bengaluru Doddakannelli Warehouse ES154,177.0,Value Store,12.90630631,77.69739731,0.017367316,fine,,Blinkit Bangalore Dark store
Bangalore Dark store,34544.0,34550.0,Super Store Bengaluru Mailasandra Warehouse ES117,177.0,Value Store,12.91711711,77.49961266,0.0278,fine,,Blinkit Bangalore Dark store
Bangalore Dark store,34612.0,34613.0,Super Store Bengaluru RR Nagar Warehouse ES104,177.0,Value Store,12.91531531,77.51855932,0.004,fine,,Blinkit Bangalore Dark store
Bangalore Dark store,39459.0,39484.0,Super Store Bengaluru Kumaraswamy Layout Warehouse ES215,177.0,Value Store,12.91036036,77.56661913,0.0165,fine,,Blinkit Bangalore Dark store
Bangalore Dark store,38280.0,38281.0,Super Store Bengaluru Fisherman's Warf Haralur Warehouse ES170,177.0,Value Store,12.91486486,77.6668978,0.0151,fine,,Blinkit Bangalore Dark store
Bangalore Dark store,36385.0,36386.0,Super Store Bengaluru Madiwala 8th Cross Warehouse ES156,177.0,Value Store,12.91936937,77.61514108,0.0202,fine,,Blinkit Bangalore Dark store
Bangalore Dark store,31530.0,31529.0,Super Store - Bengaluru Jakkasandra Warehouse ES65,177.0,Value Store,12.91486487,77.63547407,0.0605,fine,,Blinkit Bangalore Dark store
Bangalore Dark store,36475.0,36476.0,Super Store Bengaluru Agara Village Warehouse ES158,177.0,Value Store,12.91936937,77.64841325,0.0035,fine,,Blinkit Bangalore Dark store
Bangalore Dark store,31532.0,31531.0,Super Store - Bengaluru Jayanagar 4th Block Warehouse ES71,177.0,Value Store,12.92612612,77.58926271,0.0572,fine,,Blinkit Bangalore Dark store
Bangalore Dark store,40102.0,40103.0,Super Store Bengaluru Tavarekere Warehouse ES225,177.0,Value Store,12.92612612,77.60867148,0.0215,fine,,Blinkit Bangalore Dark store
Bangalore Dark store,34350.0,34351.0,Super Store Bengaluru Madiwala Warehouse ES102,177.0,Value Store,12.92657657,77.60913359,0.1668,fine,,Blinkit Bangalore Dark store
Bangalore Dark store,34542.0,34549.0,Super Store Bengaluru Gunjur Warehouse ES111,177.0,Value Store,12.92072072,77.73898753,0.0145,fine,,Blinkit Bangalore Dark store
Bangalore Dark store,36535.0,36536.0,Super Store Bengaluru Prestige Bagmane Warehouse ES164,177.0,Value Store,12.93063063,77.51763509,0.2506,fine,,Blinkit Bangalore Dark store
Bangalore Dark store,36222.0,36223.0,Super Store Bengaluru Adarsh Palm Warehouse ES145,177.0,Value Store,12.92342343,77.69508674,0.0156,fine,,Blinkit Bangalore Dark store
Bangalore Dark store,31130.0,31129.0,Super Store - Bengaluru Kadubeesanahalli Warehouse ES50,177.0,Value Store,12.92882883,77.70386689,0.0222,fine,,Blinkit Bangalore Dark store
Bangalore Dark store,40076.0,40077.0,Super Store Bengaluru Koramangala 1st Block Warehouse ES223,177.0,Value Store,12.92702703,77.63824675,0.0402,fine,,Blinkit Bangalore Dark store
Bangalore Dark store,31021.0,31020.0,Super Store - Bengaluru Bellandur 2 Warehouse ES34,177.0,Value Store,12.92657658,77.66967049,0.0212,fine,,Blinkit Bangalore Dark store
Bangalore Dark store,30771.0,30773.0,Super Store - Bengaluru Bellandur Warehouse ES38,177.0,Value Store,12.93153153,77.6835339,0.0056,fine,,Blinkit Bangalore Dark store
Bangalore Dark store,34546.0,34551.0,Super Store Bengaluru Banashankari Warehouse ES113,177.0,Value Store,12.93693694,77.54859671,0.0528,fine,,Blinkit Bangalore Dark store
Bangalore Dark store,30993.0,30992.0,Super Store - Bengaluru Balagere Road Warehouse ES36,177.0,Value Store,12.93783784,77.73667696,0.0145,fine,,Blinkit Bangalore Dark store
Bangalore Dark store,30377.0,30379.0,Super Store - Bangalore Kormangala Warehouse ES14,177.0,Value Store,12.94324324,77.61745164,0.0078,fine,,Blinkit Bangalore Dark store
Bangalore Dark store,35578.0,35579.0,Super Store Bengaluru Marathahalli 14th Cross Warehouse ES135,177.0,Value Store,12.94864864,77.70340478,0.0681,fine,,Blinkit Bangalore Dark store
Bangalore Dark store,39526.0,39528.0,Super Store Bengaluru Srinagar Warehouse ES219,177.0,Value Store,12.95045045,77.54767248,0.0223,fine,,Blinkit Bangalore Dark store
Bangalore Dark store,38284.0,38285.0,Super Store Bengaluru Lakkasandra Warehouse ES203,177.0,Value Store,12.9454955,77.59665653,0.043,fine,,Blinkit Bangalore Dark store
Bangalore Dark store,37690.0,37691.0,Super Store Bengaluru Chickpet Warehouse ES182,177.0,Value Store,12.95585585,77.57770986,0.0505,fine,,Blinkit Bangalore Dark store
Bangalore Dark store,35568.0,35569.0,Super Store Bengaluru Tubrahalli Warehouse ES131,177.0,Value Store,12.95135135,77.71495762,0.0061,fine,,Blinkit Bangalore Dark store
Bangalore Dark store,35570.0,35571.0,Super Store Bengaluru Siddapura Warehouse ES123,177.0,Value Store,12.9572072,77.72974526,0.0021,fine,,Blinkit Bangalore Dark store
Bangalore Dark store,37170.0,37171.0,Super Store Bengaluru Mallathalli Lake Warehouse ES168,177.0,Value Store,12.96171171,77.50192322,0.0773,fine,,Blinkit Bangalore Dark store
Bangalore Dark store,37630.0,37631.0,Super Store Bengaluru Longford Town Warehouse ES171,177.0,Value Store,12.96036036,77.60173978,0.0053,fine,,Blinkit Bangalore Dark store
Bangalore Dark store,38282.0,38283.0,Super Store Bengaluru Domlur Warehouse ES190,177.0,Value Store,12.96171171,77.6363983,0.0099,fine,,Blinkit Bangalore Dark store
Bangalore Dark store,30559.0,30546.0,Super Store - Bangalore HAL Warehouse ES10,177.0,Value Store,12.95675676,77.66273878,0.0072,fine,,Blinkit Bangalore Dark store
Bangalore Dark store,35558.0,35559.0,Super Store Bengaluru Silver Springs Layout Warehouse ES139,177.0,Value Store,12.95765766,77.70895015,0.0242,fine,,Blinkit Bangalore Dark store
Bangalore Dark store,33724.0,33725.0,Super Store Bengaluru Vijay Nagar Warehouse ES92,177.0,Value Store,12.96171171,77.53380907,0.0418,fine,,Blinkit Bangalore Dark store
Bangalore Dark store,33966.0,33967.0,Super Store Bengaluru Richmond Town Warehouse ES96,177.0,Value Store,12.96576576,77.60266401,0.0106,fine,,Blinkit Bangalore Dark store
Bangalore Dark store,39290.0,39291.0,Super Store Bengaluru Mudalapalya Warehouse ES216,177.0,Value Store,12.97027027,77.5245668,0.0206,fine,,Blinkit Bangalore Dark store
Bangalore Dark store,35494.0,35495.0,Super Store Bengaluru LBS Nagar Warehouse ES136,177.0,Value Store,12.96891892,77.67521584,0.0083,fine,,Blinkit Bangalore Dark store
Bangalore Dark store,38210.0,38211.0,Super Store Bengaluru Brookefield AECS Layout Warehouse ES202,177.0,Value Store,12.96351352,77.70848803,0.0312,fine,,Blinkit Bangalore Dark store
Bangalore Dark store,41913.0,41914.0,Super Store Bengaluru Brookefield Kundalahalli Warehouse ES249,177.0,Value Store,12.96711712,77.71865453,0.028,fine,,Blinkit Bangalore Dark store
Bangalore Dark store,37688.0,37689.0,Super Store Bengaluru Hagadur Whitefield Warehouse ES169,177.0,Value Store,12.96486487,77.75747208,0.0318,fine,,Blinkit Bangalore Dark store
Bangalore Dark store,37208.0,37209.0,Super Store Bengaluru Thippasandra Warehouse ES173,177.0,Value Store,12.97027027,77.65395862,0.0153,fine,,Blinkit Bangalore Dark store
Bangalore Dark store,34658.0,34659.0,Super Store Bengaluru Magadi Road Warehouse ES114,177.0,Value Store,12.97612613,77.55645264,0.0408,fine,,Blinkit Bangalore Dark store
Bangalore Dark store,30664.0,30666.0,Super Store - Bangalore Indiranagar Warehouse ES27,177.0,Value Store,12.97702703,77.63917098,0.0201,fine,,Blinkit Bangalore Dark store
Bangalore Dark store,35088.0,35089.0,Super Store Bengaluru Indiranagar Warehouse ES132,177.0,Value Store,12.97927928,77.64148155,0.0054,fine,,Blinkit Bangalore Dark store
Bangalore Dark store,34835.0,34834.0,Super Store Bengaluru Whitefield Nallurhalli Warehouse ES122,177.0,Value Store,12.98018018,77.73390428,0.0191,fine,,Blinkit Bangalore Dark store
Bangalore Dark store,30566.0,30567.0,Super Store - Bangalore Kamakshipalya Warehouse ES15,177.0,Value Store,12.98558559,77.51994566,0.0209,fine,,Blinkit Bangalore Dark store
Bangalore Dark store,34754.0,34755.0,Super Store Bengaluru Hoodi 2 Warehouse ES109,177.0,Value Store,12.98963964,77.71680608,0.0149,fine,,Blinkit Bangalore Dark store
Bangalore Dark store,38600.0,38601.0,Super Store Bengaluru Channasandra Warehouse ES200,177.0,Value Store,12.98288289,77.76717646,0.0211,fine,,Blinkit Bangalore Dark store
Bangalore Dark store,37674.0,37675.0,Super Store  Bengaluru Vasanth Nagar Warehouse ES198,177.0,Value Store,12.99234234,77.59850498,0.0123,fine,,Blinkit Bangalore Dark store
Bangalore Dark store,30622.0,30620.0,Super Store - Bangalore Mahadevpura Warehouse ES24,177.0,Value Store,12.99009009,77.68769292,0.0762,fine,,Blinkit Bangalore Dark store
Bangalore Dark store,41359.0,41360.0,Super Store Bengaluru Hoodi Shantiniketan Warehouse ES238,177.0,Value Store,12.99189189,77.72004087,0.0579,fine,,Blinkit Bangalore Dark store
Bangalore Dark store,31434.0,31433.0,Super Store - Bengaluru Pai Layout Warehouse ES57,177.0,Value Store,12.99504505,77.6668978,0.0067,fine,,Blinkit Bangalore Dark store
Bangalore Dark store,31320.0,31319.0,Super Store - Bengaluru Hoodi Warehouse ES72,177.0,Value Store,12.9990991,77.71403339,0.0016,fine,,Blinkit Bangalore Dark store
Bangalore Dark store,30558.0,30556.0,Super Store - Bangalore Kadugodi Warehouse ES7,177.0,Value Store,13.00045045,77.74453289,1.0E-4,fine,,Blinkit Bangalore Dark store
Bangalore Dark store,30995.0,30994.0,Super Store - Bengaluru Frazer Town Warehouse ES43,177.0,Value Store,13.0009009,77.61329262,0.0148,fine,,Blinkit Bangalore Dark store
Bangalore Dark store,41915.0,41916.0,Super Store Bengaluru Nandini Layout Warehouse ES250,177.0,Value Store,13.01216216,77.54397557,0.0931,fine,,Blinkit Bangalore Dark store
Bangalore Dark store,40144.0,40145.0,Super Store Bengaluru Malleshwaram Warehouse ES227,177.0,Value Store,13.00495496,77.56523279,9.0E-4,fine,,Blinkit Bangalore Dark store
Bangalore Dark store,35680.0,35681.0,Super Store Bengaluru Belathur Warehouse ES141,177.0,Value Store,13.00810811,77.75978265,0.0,fine,,Blinkit Bangalore Dark store
Bangalore Dark store,41651.0,41652.0,Super Store Bengaluru Peenya Warehouse ES248,177.0,Value Store,13.01621621,77.50423379,0.0045,fine,,Blinkit Bangalore Dark store
Bangalore Dark store,42260.0,42261.0,Super Store Bengaluru HRBR Layout Warehouse ES254,177.0,Value Store,13.01261261,77.64240578,0.0549,fine,,Blinkit Bangalore Dark store
Bangalore Dark store,30378.0,30380.0,Super Store - Bangalore NR Layout Warehouse ES3,177.0,Value Store,13.01666666,77.6567313,0.0,fine,,Blinkit Bangalore Dark store
Bangalore Dark store,34742.0,34743.0,Super Store Bengaluru Yeshwanthpur Warehouse ES121,177.0,Value Store,13.02342342,77.5379681,0.0412,fine,,Blinkit Bangalore Dark store
Bangalore Dark store,38208.0,38209.0,Super Store Bengaluru Rashad Nagar Warehouse ES194,177.0,Value Store,13.02567567,77.61375473,0.0577,fine,,Blinkit Bangalore Dark store
Bangalore Dark store,33666.0,33667.0,Super Store Bengaluru Kalyan Nagar Warehouse ES93,177.0,Value Store,13.02207207,77.62900449,0.0777,fine,,Blinkit Bangalore Dark store
Bangalore Dark store,34780.0,34781.0,Super Store Bengaluru Horamavu Warehouse ES125,177.0,Value Store,13.02342343,77.67059471,0.0174,fine,,Blinkit Bangalore Dark store
Bangalore Dark store,30647.0,30646.0,Super Store - Bangalore Anandpura Warehouse ES12,177.0,Value Store,13.02837838,77.69277617,0.0085,fine,,Blinkit Bangalore Dark store
Bangalore Dark store,34766.0,34767.0,Super Store Bengaluru KR Puram Warehouse ES118,177.0,Value Store,13.02612613,77.7177303,0.0202,fine,,Blinkit Bangalore Dark store
Bangalore Dark store,31244.0,31239.0,Super Store - Bengaluru Kannamangala Warehouse ES58,177.0,Value Store,13.02882883,77.76347955,0.1893,fine,,Blinkit Bangalore Dark store
Bangalore Dark store,33974.0,33975.0,Super Store Bengaluru New Sanjay Nagar Warehouse ES98,177.0,Value Store,13.03198198,77.57308873,0.0266,fine,,Blinkit Bangalore Dark store
Bangalore Dark store,37676.0,37677.0,Super Store Bengaluru RT Nagar Warehouse ES177,177.0,Value Store,13.02612613,77.5924975,0.0155,fine,,Blinkit Bangalore Dark store
Bangalore Dark store,39114.0,39115.0,Super Store Bengaluru Classic Royal Hennur Warehouse ES197,177.0,Value Store,13.03288288,77.63778464,0.0017,fine,,Blinkit Bangalore Dark store
Bangalore Dark store,39934.0,39935.0,Super Store Bengaluru Sobha Nagasandra Warehouse ES210,177.0,Value Store,13.04234234,77.50654436,0.0154,fine,,Blinkit Bangalore Dark store
Bangalore Dark store,33509.0,33510.0,Super Store Bengaluru Thanisandra Warehouse ES90,177.0,Value Store,13.04684684,77.62761815,6.0E-4,fine,,Blinkit Bangalore Dark store
Bangalore Dark store,38150.0,38151.0,Super Store Bengaluru Chikkabidrakallu Warehouse ES165,177.0,Value Store,13.04954955,77.48621137,0.188,fine,,Blinkit Bangalore Dark store
Bangalore Dark store,34734.0,34735.0,Super Store Bengaluru New Amruthalli Warehouse ES99,177.0,Value Store,13.05270271,77.60127767,0.0096,fine,,Blinkit Bangalore Dark store
Bangalore Dark store,36375.0,36376.0,Super Store Bengaluru Narayanpura Warehouse ES151,177.0,Value Store,13.06171171,77.63454984,0.0,fine,,Blinkit Bangalore Dark store
Bangalore Dark store,33838.0,33839.0,Super Store Bengaluru Hasarghatta Warehouse ES86,177.0,Value Store,13.06216216,77.50562014,0.0387,fine,,Blinkit Bangalore Dark store
Bangalore Dark store,34756.0,34757.0,Super Store Bengaluru Budigere Warehouse ES108,177.0,Value Store,13.06396396,77.74176021,0.0,fine,,Blinkit Bangalore Dark store
Bangalore Dark store,34540.0,34548.0,Super Store Bengaluru Vidyaranyapura Warehouse ES112,177.0,Value Store,13.06306307,77.5518315,0.0248,fine,,Blinkit Bangalore Dark store
Bangalore Dark store,35388.0,35389.0,Super Store Bengaluru Sahakar Nagar Warehouse ES134,177.0,Value Store,13.06756757,77.58048254,0.0341,fine,,Blinkit Bangalore Dark store
Bangalore Dark store,33926.0,33927.0,Super Store Bengaluru Hennur Road Warehouse ES94,177.0,Value Store,13.07027027,77.65257228,0.0031,fine,,Blinkit Bangalore Dark store
Bangalore Dark store,37414.0,37415.0,Super Store Bengaluru Abbigere Warehouse ES175,177.0,Value Store,13.07612613,77.5282637,0.0148,fine,,Blinkit Bangalore Dark store
Bangalore Dark store,30832.0,30831.0,Super Store - Bengaluru Thanisandra Warehouse ES13,177.0,Value Store,13.08153153,77.63362562,0.0,fine,,Blinkit Bangalore Dark store
Bangalore Dark store,35264.0,35265.0,Super Store Bengaluru Bhartiya City Warehouse ES130,177.0,Value Store,13.08018018,77.64425423,0.0117,fine,,Blinkit Bangalore Dark store
Bangalore Dark store,37424.0,37425.0,Super Store Bengaluru Chikkabanavara Warehouse ES178,177.0,Value Store,13.08828828,77.48805981,0.0477,fine,,Blinkit Bangalore Dark store
Bangalore Dark store,34134.0,34135.0,Super Store Bengaluru Bagalur Warehouse ES100,177.0,Value Store,13.12252252,77.62345912,0.025,fine,,Blinkit Bangalore Dark store
Bangalore Dark store,35704.0,35705.0,Super Store Bengaluru Yelahanka Warehouse ES142,177.0,Value Store,13.14279279,77.56615702,0.0125,fine,,Blinkit Bangalore Dark store
Delhi,43401.0,,,,,28.43513514,77.03339338,0.0032,coarse,2025-09-29T08:44:34.867593,Blinkit Delhi
Delhi,43239.0,,,,,28.46216216,77.30018014,0.0504,coarse,2025-09-29T08:58:27.129345,Blinkit Delhi
Delhi,31552.0,,,,,28.47567568,76.96156618,0.0669,coarse,2025-09-29T09:03:46.579010,Blinkit Delhi
Delhi,34782.0,,,,,28.47567568,77.08469853,0.0557,coarse,2025-09-29T09:04:02.622204,Blinkit Delhi
Delhi,33397.0,,,,,28.5027027,77.06930698,0.0343,coarse,2025-09-29T09:17:07.869604,Blinkit Delhi
Delhi,34596.0,,,,,28.52522523,77.23348345,0.0605,coarse,2025-09-29T09:29:12.053030,Blinkit Delhi
Delhi,37280.0,,,,,28.59279279,77.39765992,0.0648,coarse,2025-09-29T10:03:48.632185,Blinkit Delhi
Delhi,42528.0,,,,,28.63333333,77.3566158,0.01,coarse,2025-09-29T10:23:37.390228,Blinkit Delhi
Delhi,30987.0,,,,,28.64234234,77.10522059,0.0113,coarse,2025-09-29T10:27:11.298723,Blinkit Delhi
Delhi,34416.0,,,,,28.67837838,77.47461764,0.0313,coarse,2025-09-29T10:45:17.667484,Blinkit Delhi
Delhi,29581.0,,,,,28.67477477,77.31557169,0.0233,fine,2025-09-29T10:57:40.991864,Blinkit Delhi
Delhi,29650.0,,,,,28.51531532,77.01594963,0.0014,fine,2025-09-29T11:00:31.841209,Blinkit Delhi
Delhi,30303.0,,,,,28.67747748,77.34019815,0.0177,fine,2025-09-29T11:02:29.964666,Blinkit Delhi
Delhi,30375.0,,,,,28.49099099,77.09701177,0.0475,fine,2025-09-29T11:07:43.720090,Blinkit Delhi
Delhi,30415.0,,,,,28.4963964,77.4253647,0.0076,fine,2025-09-29T11:07:56.928579,Blinkit Delhi
Delhi,30474.0,,,,,28.52522523,77.15396048,4.0E-4,fine,2025-09-29T11:08:28.468110,Blinkit Delhi
Delhi,30693.0,,,,,28.67657658,77.08982904,0.0338,fine,2025-09-29T11:09:14.035628,Blinkit Delhi
Delhi,30708.0,,,,,28.57117117,77.27555368,0.003,fine,2025-09-29T11:09:56.523461,Blinkit Delhi
Delhi,30725.0,,,,,28.41324324,77.31895783,0.0028,fine,2025-09-29T11:14:51.878965,Blinkit Delhi
Delhi,30779.0,,,,,28.57585585,77.25533944,0.0651,fine,2025-09-29T11:16:33.849420,Blinkit Delhi
Delhi,30790.0,,,,,28.64441442,77.2011612,0.007,fine,2025-09-29T11:17:50.746724,Blinkit Delhi
Delhi,30900.0,,,,,28.53738738,77.30048798,0.0196,fine,2025-09-29T11:21:56.741447,Blinkit Delhi
Delhi,31014.0,,,,,28.41981982,77.09085514,0.001,fine,2025-09-29T11:28:30.615372,Blinkit Delhi
Delhi,31086.0,,,,,28.6727027,77.12245912,0.0547,fine,2025-09-29T11:32:22.804038,Blinkit Delhi
Delhi,31118.0,,,,,28.66423423,77.32860319,0.006,fine,2025-09-29T11:34:00.074511,Blinkit Delhi
Delhi,31306.0,,,,,28.41801802,77.2858147,0.0093,fine,2025-09-29T11:40:06.362347,Blinkit Delhi
Delhi,31322.0,,,,,28.65765766,77.28991911,0.008,fine,2025-09-29T11:40:29.705811,Blinkit Delhi
Delhi,31357.0,,,,,28.46126126,77.0416022,0.0027,fine,2025-09-29T11:42:21.935598,Blinkit Delhi
Delhi,31377.0,,,,,28.61486487,77.45460864,0.0018,fine,2025-09-29T11:45:04.545241,Blinkit Delhi
Delhi,31392.0,,,,,28.66351351,77.46097048,0.0011,fine,2025-09-29T11:46:37.399008,Blinkit Delhi
Delhi,31394.0,,,,,28.47387387,77.29607574,0.0184,fine,2025-09-29T11:47:42.752368,Blinkit Delhi
Delhi,31398.0,,,,,28.47054054,77.04498834,0.0022,fine,2025-09-29T11:49:48.714845,Blinkit Delhi
Delhi,31438.0,,,,,28.41531532,77.03339338,0.0105,fine,2025-09-29T11:51:23.016469,Blinkit Delhi
Delhi,31446.0,,,,,28.54054054,77.36995514,0.0088,fine,2025-09-29T11:52:27.221442,Blinkit Delhi
Delhi,31454.0,,,,,28.47927928,77.30808113,0.0016,fine,2025-09-29T11:53:55.064267,Blinkit Delhi
Delhi,31494.0,,,,,28.55765766,77.20526562,0.0149,fine,2025-09-29T11:57:34.710634,Blinkit Delhi
Delhi,31498.0,,,,,28.64171171,77.37405955,0.0191,fine,2025-09-29T11:59:03.522750,Blinkit Delhi
Delhi,31589.0,,,,,28.6227027,77.05730157,0.0,fine,2025-09-29T12:02:32.709207,Blinkit Delhi
Delhi,31606.0,,,,,28.55135135,77.20475257,0.0026,fine,2025-09-29T12:04:18.798268,Blinkit Delhi
Delhi,31648.0,,,,,28.69522522,77.31013334,0.0133,fine,2025-09-29T12:07:49.022240,Blinkit Delhi
Delhi,31664.0,,,,,28.59396396,77.34943308,0.0106,fine,2025-09-29T12:09:29.581189,Blinkit Delhi
Delhi,31719.0,,,,,28.41351351,77.07238529,0.0554,fine,2025-09-29T12:11:30.160664,Blinkit Delhi
Delhi,31967.0,,,,,28.43738739,77.07269312,0.0036,fine,2025-09-29T12:12:09.118203,Blinkit Delhi
Delhi,32607.0,,,,,28.4954955,77.18474356,0.0014,fine,2025-09-29T12:13:19.275001,Blinkit Delhi
Delhi,32611.0,,,,,28.57657658,77.43973015,0.056,fine,2025-09-29T12:16:04.125421,Blinkit Delhi
Delhi,32681.0,,,,,28.51936937,77.16442673,0.0042,fine,2025-09-29T12:17:45.639663,Blinkit Delhi
Delhi,32748.0,,,,,28.58765766,77.06828087,0.0021,fine,2025-09-29T12:19:31.387899,Blinkit Delhi
Delhi,33027.0,,,,,28.44954955,77.00055809,0.0485,fine,2025-09-29T12:21:07.807975,Blinkit Delhi
Delhi,33315.0,,,,,28.4718018,77.08336459,0.0594,fine,2025-09-29T12:26:00.812969,Blinkit Delhi
Delhi,33353.0,,,,,28.50720721,77.23194429,0.0174,fine,2025-09-29T12:26:53.653505,Blinkit Delhi
Delhi,33389.0,,,,,28.45315315,77.08192805,0.0181,fine,2025-09-29T12:29:05.337820,Blinkit Delhi
Delhi,33391.0,,,,,28.65135135,77.28324944,0.0072,fine,2025-09-29T12:30:25.515935,Blinkit Delhi
Delhi,33393.0,,,,,28.42432432,76.93129615,0.0,fine,2025-09-29T12:32:40.892528,Blinkit Delhi
Delhi,33401.0,,,,,28.54234234,77.25708382,0.0215,fine,2025-09-29T12:36:28.319148,Blinkit Delhi
Delhi,33417.0,,,,,28.55432432,77.37488044,0.0031,fine,2025-09-29T12:39:09.064573,Blinkit Delhi
Delhi,33419.0,,,,,28.36189189,77.35199834,0.0,fine,2025-09-29T12:40:41.460266,Blinkit Delhi
Delhi,33421.0,,,,,28.69036036,77.13425929,0.0022,fine,2025-09-29T12:42:31.637236,Blinkit Delhi
Delhi,33433.0,,,,,28.53621622,77.27073099,0.0156,fine,2025-09-29T12:45:54.686966,Blinkit Delhi
Delhi,33515.0,,,,,28.67612613,77.42485165,0.0038,fine,2025-09-29T12:46:21.541701,Blinkit Delhi
Delhi,33529.0,,,,,28.60828829,77.07207746,0.0085,fine,2025-09-29T12:48:28.393321,Blinkit Delhi
Delhi,33537.0,,,,,28.39216216,77.06776782,0.01,fine,2025-09-29T12:49:41.285519,Blinkit Delhi
Delhi,33541.0,,,,,28.48981982,77.00004503,0.0036,fine,2025-09-29T12:52:27.145669,Blinkit Delhi
Delhi,33545.0,,,,,28.57774775,77.44845202,0.0024,fine,2025-09-29T12:53:35.635930,Blinkit Delhi
Delhi,33672.0,,,,,28.63990991,77.35302444,0.0595,fine,2025-09-29T12:55:40.410368,Blinkit Delhi
Delhi,33680.0,,,,,28.50945946,77.20116121,1.0E-4,fine,2025-09-29T12:58:58.203496,Blinkit Delhi
Delhi,33682.0,,,,,28.37207207,77.29710184,0.028,fine,2025-09-29T13:00:04.203835,Blinkit Delhi
Delhi,33758.0,,,,,28.65495496,77.13805588,0.0178,fine,2025-09-29T13:03:22.746036,Blinkit Delhi
Delhi,33964.0,,,,,28.46846847,77.01492353,0.0023,fine,2025-09-29T13:06:12.319610,Blinkit Delhi
Delhi,33980.0,,,,,28.43963964,77.10316838,0.0444,fine,2025-09-29T13:09:51.149766,Blinkit Delhi
Delhi,33982.0,,,,,28.53693694,77.20783088,0.0458,fine,2025-09-29T13:19:41.696756,Blinkit Delhi
Delhi,33990.0,,,,,28.59099099,77.07618187,5.0E-4,fine,2025-09-29T13:20:46.068369,Blinkit Delhi
Delhi,34020.0,,,,,28.63936937,77.06982003,0.001,fine,2025-09-29T13:22:02.068285,Blinkit Delhi
Delhi,34108.0,,,,,28.43873874,77.47872205,0.0136,fine,2025-09-29T13:25:52.381129,Blinkit Delhi
Delhi,34118.0,,,,,28.58135135,77.32326745,0.0062,fine,2025-09-29T13:27:40.310700,Blinkit Delhi
Delhi,34130.0,,,,,28.50117117,77.38996414,6.0E-4,fine,2025-09-29T13:28:01.623420,Blinkit Delhi
Delhi,34142.0,,,,,28.46306306,77.09393345,0.0204,fine,2025-09-29T13:29:25.918857,Blinkit Delhi
Delhi,34144.0,,,,,28.6818018,77.05873811,0.0093,fine,2025-09-29T13:31:12.117377,Blinkit Delhi
Delhi,34180.0,,,,,28.61198198,76.98855268,0.0041,fine,2025-09-29T13:32:33.328488,Blinkit Delhi
Delhi,34218.0,,,,,28.4463964,77.06161121,8.0E-4,fine,2025-09-29T13:34:28.217515,Blinkit Delhi
Delhi,34280.0,,,,,28.5718018,77.15960404,0.0014,fine,2025-09-29T13:36:04.487196,Blinkit Delhi
Delhi,34290.0,,,,,28.65585586,77.40073823,0.0143,fine,2025-09-29T13:36:13.047378,Blinkit Delhi
Delhi,34346.0,,,,,28.48198198,77.48077425,0.0294,fine,2025-09-29T13:37:50.872031,Blinkit Delhi
Delhi,34360.0,,,,,28.57810811,77.34481561,0.0059,fine,2025-09-29T13:39:03.290885,Blinkit Delhi
Delhi,34400.0,,,,,28.51738739,77.03801084,0.0046,fine,2025-09-29T13:41:48.800743,Blinkit Delhi
Delhi,34404.0,,,,,28.57747748,77.04775882,0.014,fine,2025-09-29T13:44:00.717077,Blinkit Delhi
Delhi,34418.0,,,,,28.55855856,77.05032408,0.0287,fine,2025-09-29T13:47:22.278505,Blinkit Delhi
Delhi,34422.0,,,,,28.64027027,77.12061213,0.0015,fine,2025-09-29T13:50:09.731495,Blinkit Delhi
Delhi,34684.0,,,,,28.50927928,77.41664282,0.0023,fine,2025-09-29T13:58:21.149185,Blinkit Delhi
Delhi,34732.0,,,,,28.50990991,76.98721875,0.022,fine,2025-09-29T14:03:17.550652,Blinkit Delhi
Delhi,34746.0,,,,,28.52252252,77.26118823,0.0016,fine,2025-09-29T14:04:52.058900,Blinkit Delhi
Delhi,34748.0,,,,,28.62855856,77.22065716,0.0014,fine,2025-09-29T14:07:57.975540,Blinkit Delhi
Delhi,34786.0,,,,,28.36486486,76.94617463,0.0542,fine,2025-09-29T14:09:07.917933,Blinkit Delhi
Delhi,34870.0,,,,,28.4472973,77.08777684,0.0036,fine,2025-09-29T14:14:18.331989,Blinkit Delhi
Delhi,34990.0,,,,,28.49576576,77.02036188,0.0484,fine,2025-09-29T14:14:51.856467,Blinkit Delhi
Delhi,34992.0,,,,,28.47324325,77.00343117,0.0053,fine,2025-09-29T14:15:12.298154,Blinkit Delhi
Delhi,35008.0,,,,,28.67567568,77.28786691,0.0112,fine,2025-09-29T14:18:35.525774,Blinkit Delhi
Delhi,35010.0,,,,,28.3527027,76.97151936,0.0011,fine,2025-09-29T14:20:33.374585,Blinkit Delhi
Delhi,35012.0,,,,,28.57054054,77.4862126,0.068,fine,2025-09-29T14:22:43.618935,Blinkit Delhi
Delhi,35024.0,,,,,28.41891892,77.35712886,0.0049,fine,2025-09-29T14:23:49.647935,Blinkit Delhi
Delhi,35038.0,,,,,28.56621622,77.40022518,0.009,fine,2025-09-29T14:26:22.878120,Blinkit Delhi
Delhi,35158.0,,,,,28.64837838,77.38360232,0.0045,fine,2025-09-29T14:28:34.178207,Blinkit Delhi
Delhi,35298.0,,,,,28.65882883,77.20270036,0.0079,fine,2025-09-29T14:31:23.371584,Blinkit Delhi
Delhi,35330.0,,,,,28.59009009,77.02928897,0.0532,fine,2025-09-29T14:34:06.204886,Blinkit Delhi
Delhi,35332.0,,,,,28.5954955,77.09803786,0.0306,fine,2025-09-29T14:34:54.077763,Blinkit Delhi
Delhi,35334.0,,,,,28.42585586,77.06551041,0.0103,fine,2025-09-29T14:35:39.713492,Blinkit Delhi
Delhi,35374.0,,,,,28.50162162,77.24651496,0.0075,fine,2025-09-29T14:38:41.291020,Blinkit Delhi
Delhi,35390.0,,,,,28.63423423,77.10491276,0.0011,fine,2025-09-29T14:41:01.943848,Blinkit Delhi
Delhi,35460.0,,,,,28.53108108,77.08623768,0.0018,fine,2025-09-29T14:42:59.270650,Blinkit Delhi
Delhi,35540.0,,,,,28.64297297,77.2309182,0.002,fine,2025-09-29T14:45:26.174485,Blinkit Delhi
Delhi,35564.0,,,,,28.36153153,77.07115397,0.0082,fine,2025-09-29T14:48:26.195601,Blinkit Delhi
Delhi,35582.0,,,,,28.5218919,77.38719367,0.0657,fine,2025-09-29T14:49:56.337774,Blinkit Delhi
Delhi,35588.0,,,,,28.41504504,76.91590459,0.0016,fine,2025-09-29T14:51:55.922667,Blinkit Delhi
Delhi,35634.0,,,,,28.47252253,77.13569583,0.0033,fine,2025-09-29T14:54:42.473794,Blinkit Delhi
Delhi,35638.0,,,,,28.43783784,77.29710184,0.0593,fine,2025-09-29T14:56:10.073634,Blinkit Delhi
Delhi,35644.0,,,,,28.61108108,77.288893,0.007,fine,2025-09-29T14:57:03.156010,Blinkit Delhi
Delhi,35702.0,,,,,28.56801802,77.38329449,0.0085,fine,2025-09-29T14:57:20.653808,Blinkit Delhi
Delhi,35792.0,,,,,28.46513513,77.05986683,0.0058,fine,2025-09-29T14:58:57.907578,Blinkit Delhi
Delhi,35838.0,,,,,28.66846847,77.10214228,0.04,fine,2025-09-29T15:00:12.240881,Blinkit Delhi
Delhi,35840.0,,,,,28.63531531,77.0913682,0.0277,fine,2025-09-29T15:02:35.440985,Blinkit Delhi
Delhi,35904.0,,,,,28.4063063,77.1062467,0.0177,fine,2025-09-29T15:04:26.448150,Blinkit Delhi
Delhi,35918.0,,,,,28.50027027,77.32306224,0.0282,fine,2025-09-29T15:05:20.761137,Blinkit Delhi
Delhi,35920.0,,,,,28.58918919,77.30838897,0.0345,fine,2025-09-29T15:07:52.981127,Blinkit Delhi
Delhi,36034.0,,,,,28.6481982,77.30254018,9.0E-4,fine,2025-09-29T15:10:02.775831,Blinkit Delhi
Delhi,36048.0,,,,,28.40990991,77.03288032,0.0049,fine,2025-09-29T15:10:43.837670,Blinkit Delhi
Delhi,36060.0,,,,,28.57297297,77.07105136,0.005,fine,2025-09-29T15:12:52.804121,Blinkit Delhi
Delhi,36068.0,,,,,28.61171171,77.44691286,9.0E-4,fine,2025-09-29T15:13:48.364243,Blinkit Delhi
Delhi,36070.0,,,,,28.60657658,77.0525815,0.0493,fine,2025-09-29T15:14:59.076793,Blinkit Delhi
Delhi,36230.0,,,,,28.37054054,77.32460138,0.0,fine,2025-09-29T15:16:38.449846,Blinkit Delhi
Delhi,36267.0,,,,,28.53630631,77.22660856,0.002,fine,2025-09-29T15:18:59.988716,Blinkit Delhi
Delhi,36319.0,,,,,28.63990991,77.03288033,0.0108,fine,2025-09-29T15:20:30.013344,Blinkit Delhi
Delhi,36357.0,,,,,28.57162162,77.32788492,0.0097,fine,2025-09-29T15:25:17.523769,Blinkit Delhi
Delhi,36383.0,,,,,28.65738739,77.18453834,0.0135,fine,2025-09-29T15:26:35.097021,Blinkit Delhi
Delhi,36424.0,,,,,28.63063063,77.13702978,0.0643,fine,2025-09-29T15:28:40.889289,Blinkit Delhi
Delhi,36426.0,,,,,28.64117117,77.07956801,0.0408,fine,2025-09-29T15:31:53.641362,Blinkit Delhi
Delhi,36428.0,,,,,28.42882883,77.09957702,0.0109,fine,2025-09-29T15:32:37.642130,Blinkit Delhi
Delhi,36455.0,,,,,28.51486487,77.11496856,0.0079,fine,2025-09-29T15:36:50.055715,Blinkit Delhi
Delhi,36481.0,,,,,28.49666667,77.19623591,0.0491,fine,2025-09-29T15:39:23.554720,Blinkit Delhi
Delhi,36776.0,,,,,28.57459459,77.21881019,0.0048,fine,2025-09-29T15:44:22.811620,Blinkit Delhi
Delhi,36782.0,,,,,28.62279279,77.27863198,0.0029,fine,2025-09-29T15:47:03.143095,Blinkit Delhi
Delhi,36864.0,,,,,28.57882883,77.38514147,0.001,fine,2025-09-29T15:49:11.609494,Blinkit Delhi
Delhi,36908.0,,,,,28.56243244,77.28601993,0.0332,fine,2025-09-29T15:52:12.136765,Blinkit Delhi
Delhi,36946.0,,,,,28.4336036,77.32203614,0.0062,fine,2025-09-29T15:53:45.561552,Blinkit Delhi
Delhi,37066.0,,,,,28.49189189,77.29197132,0.0069,fine,2025-09-29T15:56:21.670897,Blinkit Delhi
Delhi,37288.0,,,,,28.62387387,77.42485165,7.0E-4,fine,2025-09-29T15:59:54.817855,Blinkit Delhi
Delhi,37586.0,,,,,28.69252252,77.29166349,0.0055,fine,2025-09-29T16:01:27.126417,Blinkit Delhi
Delhi,38078.0,,,,,28.42207207,77.0764897,5.0E-4,fine,2025-09-29T16:08:44.336214,Blinkit Delhi
Delhi,38092.0,,,,,28.54009009,77.33989032,0.0062,fine,2025-09-29T16:09:34.298331,Blinkit Delhi
Delhi,38608.0,,,,,28.33963964,77.33198934,0.0349,fine,2025-09-29T16:14:03.303671,Blinkit Delhi
Delhi,38832.0,,,,,28.59774775,77.13497756,0.0024,fine,2025-09-29T16:16:27.177905,Blinkit Delhi
Delhi,39118.0,,,,,28.55153153,77.35528186,0.0,fine,2025-09-29T16:19:29.373055,Blinkit Delhi
Delhi,39354.0,,,,,28.59324324,77.04211525,0.0123,fine,2025-09-29T16:19:41.114307,Blinkit Delhi
Delhi,39924.0,,,,,28.56306306,77.36277243,0.0029,fine,2025-09-29T16:23:31.831863,Blinkit Delhi
Delhi,40959.0,,,,,28.44144144,77.07648971,0.0593,fine,2025-09-29T16:27:53.871906,Blinkit Delhi
Delhi,41149.0,,,,,28.68036036,77.37970312,0.0036,fine,2025-09-29T16:30:37.820587,Blinkit Delhi
Delhi,41223.0,,,,,28.64666667,77.13220709,0.0,fine,2025-09-29T16:34:33.653366,Blinkit Delhi
Delhi,41301.0,,,,,28.52252253,77.2150136,0.0098,fine,2025-09-29T16:36:00.023145,Blinkit Delhi
Delhi,41321.0,,,,,28.5954955,77.06828087,0.0402,fine,2025-09-29T16:36:17.591489,Blinkit Delhi
Delhi,41459.0,,,,,28.66063063,77.37580393,0.0687,fine,2025-09-29T16:38:42.579312,Blinkit Delhi
Delhi,41519.0,,,,,28.43666667,77.10245011,5.0E-4,fine,2025-09-29T16:40:15.657114,Blinkit Delhi
Delhi,41553.0,,,,,28.64009009,77.21316661,0.0025,fine,2025-09-29T16:43:01.443676,Blinkit Delhi
Delhi,41877.0,,,,,28.45,77.18392267,2.0E-4,fine,2025-09-29T16:44:01.373581,Blinkit Delhi
Delhi,41959.0,,,,,28.59099099,76.99440147,0.0029,fine,2025-09-29T16:44:18.653761,Blinkit Delhi
Delhi,41973.0,,,,,28.6463964,77.1681207,0.0582,fine,2025-09-29T16:47:59.287688,Blinkit Delhi
Delhi,34006.0,,,,,28.64414414,77.17089117,0.0634,fine,2025-09-29T16:49:39.064822,Blinkit Delhi
Delhi,41977.0,,,,,28.60063063,77.08192805,0.0042,fine,2025-09-29T16:51:10.404658,Blinkit Delhi
Delhi,42032.0,,,,,28.64567568,77.18782187,3.0E-4,fine,2025-09-29T16:53:19.759932,Blinkit Delhi
Delhi,42058.0,,,,,28.51279279,77.16196408,0.0,fine,2025-09-29T16:56:46.502715,Blinkit Delhi
Delhi,42098.0,,,,,28.39117117,76.95366518,0.0131,fine,2025-09-29T16:58:20.284873,Blinkit Delhi
Delhi,42218.0,,,,,28.46306306,77.10419448,2.0E-4,fine,2025-09-29T16:59:26.551796,Blinkit Delhi
Delhi,42302.0,,,,,28.59144144,77.45204337,0.0138,fine,2025-09-29T17:00:21.010233,Blinkit Delhi
Delhi,42584.0,,,,,28.6345045,77.32655098,0.0012,fine,2025-09-29T17:05:57.703726,Blinkit Delhi
Delhi,42811.0,,,,,28.67207207,77.21706581,0.0047,fine,2025-09-29T17:08:39.475256,Blinkit Delhi
Delhi,42812.0,,,,,28.54891892,77.13292537,0.0068,fine,2025-09-29T17:10:42.625245,Blinkit Delhi
Delhi,43099.0,,,,,28.6709009,77.17571386,0.0331,fine,2025-09-29T17:12:50.164893,Blinkit Delhi
Delhi,43551.0,,,,,28.69072072,76.9439172,0.0554,fine,2025-09-29T17:17:09.858040,Blinkit Delhi
Pune  (less than 80m),35647.0,,,,,18.45405405,73.79275718,0.0564,coarse,2025-10-02T07:40:07.216153,Pune Blinkit (less than 80m).xlsx
Pune  (less than 80m),35892.0,,,,,18.45855856,73.83551437,0.0732,coarse,2025-10-02T07:40:44.748523,Pune Blinkit (less than 80m).xlsx
Pune  (less than 80m),30442.0,,,,,18.54711712,73.93072036,3.0E-4,fine,2025-10-02T11:10:49.192193,Pune Blinkit (less than 80m).xlsx
Pune  (less than 80m),30513.0,,,,,18.51711711,73.91580286,8.0E-4,fine,2025-10-02T11:23:16.626078,Pune Blinkit (less than 80m).xlsx
Pune  (less than 80m),30579.0,,,,,18.55387387,73.80506176,0.0064,fine,2025-10-02T12:02:13.161658,Pune Blinkit (less than 80m).xlsx
Pune  (less than 80m),30615.0,,,,,18.48361351,73.89390168,0.0495,fine,2025-10-02T12:34:36.487482,Pune Blinkit (less than 80m).xlsx
Pune  (less than 80m),30667.0,,,,,18.60278289,73.79247713,2.0E-4,fine,2025-10-02T13:22:43.219612,Pune Blinkit (less than 80m).xlsx
Pune  (less than 80m),31026.0,,,,,18.51451441,73.76890319,0.0025,fine,2025-10-02T14:13:46.730229,Pune Blinkit (less than 80m).xlsx
Pune  (less than 80m),31214.0,,,,,18.44761262,73.83713463,0.0044,fine,2025-10-02T15:06:25.878963,Pune Blinkit (less than 80m).xlsx
Pune  (less than 80m),31445.0,,,,,18.56224235,73.94891094,0.0014,fine,2025-10-02T16:07:59.068641,Pune Blinkit (less than 80m).xlsx
Pune  (less than 80m),31466.0,,,,,18.56530541,73.91404008,0.0296,fine,2025-10-02T16:42:51.318629,Pune Blinkit (less than 80m).xlsx
Pune  (less than 80m),31486.0,,,,,18.5544045,73.77176364,0.0031,fine,2025-10-02T17:06:41.429906,Pune Blinkit (less than 80m).xlsx
Pune  (less than 80m),32254.0,,,,,18.48621621,73.85660791,0.002,fine,2025-10-02T17:26:08.173376,Pune Blinkit (less than 80m).xlsx
Pune  (less than 80m),32398.0,,,,,18.53206216,73.87650878,0.0078,fine,2025-10-02T17:55:18.912947,Pune Blinkit (less than 80m).xlsx
Pune  (less than 80m),33409.0,,,,,18.48747748,73.95266906,0.0,fine,2025-10-02T18:09:24.084122,Pune Blinkit (less than 80m).xlsx
Pune  (less than 80m),34010.0,,,,,18.53378379,73.94117212,7.0E-4,fine,2025-10-02T18:46:10.387561,Pune Blinkit (less than 80m).xlsx
Pune  (less than 80m),34146.0,,,,,18.58378378,73.82221213,0.0041,fine,2025-10-02T19:19:58.756782,Pune Blinkit (less than 80m).xlsx
Pune  (less than 80m),34274.0,,,,,18.45720721,73.92387922,0.0018,fine,2025-10-02T19:48:26.118772,Pune Blinkit (less than 80m).xlsx
Pune  (less than 80m),34768.0,,,,,18.4608108,73.88064695,0.0039,fine,2025-10-02T20:24:05.302730,Pune Blinkit (less than 80m).xlsx
Pune  (less than 80m),35034.0,,,,,18.63265765,73.80292389,0.0023,fine,2025-10-02T20:49:21.160427,Pune Blinkit (less than 80m).xlsx
Pune  (less than 80m),35262.0,,,,,18.64244235,73.75390064,0.0301,fine,2025-10-02T21:22:08.429539,Pune Blinkit (less than 80m).xlsx
Pune  (less than 80m),35386.0,,,,,18.67990991,73.83337652,0.0574,fine,2025-10-02T22:26:50.382027,Pune Blinkit (less than 80m).xlsx
Pune  (less than 80m),35532.0,,,,,18.44531531,73.8220221,0.004,fine,2025-10-02T23:00:07.040105,Pune Blinkit (less than 80m).xlsx
Pune  (less than 80m),35902.0,,,,,18.5744946,73.9786134,0.0821,fine,2025-10-03T00:03:15.603011,Pune Blinkit (less than 80m).xlsx
Pune  (less than 80m),35910.0,,,,,18.50572072,73.92687222,0.0033,fine,2025-10-03T00:19:34.606972,Pune Blinkit (less than 80m).xlsx
Pune  (less than 80m),36000.0,,,,,18.52072072,73.93623129,0.0048,fine,2025-10-03T00:28:46.374515,Pune Blinkit (less than 80m).xlsx
Pune  (less than 80m),36288.0,,,,,18.46351351,73.85765309,0.0032,fine,2025-10-03T01:22:59.498878,Pune Blinkit (less than 80m).xlsx
Pune  (less than 80m),34104.0,,,,,18.52522522,73.84121533,0.0415,fine,2025-10-03T01:43:53.146109,Pune Blinkit (less than 80m).xlsx
Pune  (less than 80m),36856.0,,,,,18.47197207,73.91427762,0.0043,fine,2025-10-03T01:56:10.845070,Pune Blinkit (less than 80m).xlsx
Pune  (less than 80m),37078.0,,,,,18.56872882,73.83057852,0.0011,fine,2025-10-03T02:44:17.973413,Pune Blinkit (less than 80m).xlsx
Pune  (less than 80m),37210.0,,,,,18.58707208,73.97219982,0.0047,fine,2025-10-03T04:29:10.331931,Pune Blinkit (less than 80m).xlsx
Pune  (less than 80m),37698.0,,,,,18.4989991,73.9619856,1.0E-4,fine,2025-10-03T06:00:48.849301,Pune Blinkit (less than 80m).xlsx
Pune  (less than 80m),38194.0,,,,,18.55035045,73.94563289,0.0835,fine,2025-10-03T07:30:41.141113,Pune Blinkit (less than 80m).xlsx
Pune  (less than 80m),38204.0,,,,,18.47927928,73.93148049,0.053,fine,2025-10-03T07:58:49.685066,Pune Blinkit (less than 80m).xlsx
Pune  (less than 80m),38602.0,,,,,18.66811802,73.88957347,0.0019,fine,2025-10-03T09:41:10.822039,Pune Blinkit (less than 80m).xlsx
Pune  (less than 80m),38724.0,,,,,18.55117117,73.7631122,5.0E-4,fine,2025-10-03T10:28:09.836859,Pune Blinkit (less than 80m).xlsx
Pune  (less than 80m),39454.0,,,,,18.53063063,73.83361405,0.026,fine,2025-10-03T11:45:34.153659,Pune Blinkit (less than 80m).xlsx
Pune  (less than 80m),39832.0,,,,,18.57757748,73.78838146,0.0348,fine,2025-10-03T12:19:43.106972,Pune Blinkit (less than 80m).xlsx
Pune  (less than 80m),40725.0,,,,,18.59522523,73.8999352,0.001,fine,2025-10-03T13:34:52.621975,Pune Blinkit (less than 80m).xlsx
Pune  (less than 80m),41157.0,,,,,18.62905406,73.8540375,0.0782,fine,2025-10-03T14:39:15.480155,Pune Blinkit (less than 80m).xlsx
Pune  (less than 80m),41445.0,,,,,18.53883874,73.89927507,0.0202,fine,2025-10-03T15:41:14.189345,Pune Blinkit (less than 80m).xlsx
Pune  (less than 80m),41827.0,,,,,18.45503513,73.8701427,0.0029,fine,2025-10-03T16:33:17.170635,Pune Blinkit (less than 80m).xlsx
Mumbai (less than 80m),41717.0,,,,,18.98513514,73.10254023,0.5823,coarse,2025-10-02T11:36:17.329632,Blinkit Mumbai (less than 80m).xlsx
Mumbai (less than 80m),44123.0,,,,,18.98963964,72.84051709,0.3257,coarse,2025-10-02T11:37:05.518978,Blinkit Mumbai (less than 80m).xlsx
Mumbai (less than 80m),34529.0,,,,,19.01666667,73.04537154,0.64,coarse,2025-10-02T11:52:49.203019,Blinkit Mumbai (less than 80m).xlsx
Mumbai (less than 80m),43045.0,,,,,19.0527027,72.93579823,1.5594,coarse,2025-10-02T12:19:33.586303,Blinkit Mumbai (less than 80m).xlsx
Mumbai (less than 80m),44031.0,,,,,19.07072072,72.8500452,0.9906,coarse,2025-10-02T12:32:51.667810,Blinkit Mumbai (less than 80m).xlsx
Mumbai (less than 80m),41219.0,,,,,19.09774775,72.88815766,0.8231,coarse,2025-10-02T12:54:53.881021,Blinkit Mumbai (less than 80m).xlsx
Mumbai (less than 80m),37814.0,,,,,19.13378378,72.82622491,0.1594,coarse,2025-10-02T13:22:43.202135,Blinkit Mumbai (less than 80m).xlsx
Mumbai (less than 80m),42740.0,,,,,19.13378378,72.84528114,1.7653,coarse,2025-10-02T13:22:45.394369,Blinkit Mumbai (less than 80m).xlsx
Mumbai (less than 80m),39978.0,,,,,19.16531532,73.02631531,0.7288,coarse,2025-10-02T13:49:37.614318,Blinkit Mumbai (less than 80m).xlsx
Mumbai (less than 80m),34116.0,,,,,19.16531532,73.1168324,0.1805,coarse,2025-10-02T13:50:45.283790,Blinkit Mumbai (less than 80m).xlsx
Mumbai (less than 80m),41789.0,,,,,19.18333333,72.8500452,1.0484,coarse,2025-10-02T14:02:50.792973,Blinkit Mumbai (less than 80m).xlsx
Mumbai (less than 80m),34784.0,,,,,19.21036036,72.86910143,0.0747,coarse,2025-10-02T14:25:39.063637,Blinkit Mumbai (less than 80m).xlsx
Mumbai (less than 80m),31654.0,,,,,19.21036036,72.87862954,0.8488,coarse,2025-10-02T14:25:48.561948,Blinkit Mumbai (less than 80m).xlsx
Mumbai (less than 80m),41737.0,,,,,19.21036036,73.11206834,1.1624,coarse,2025-10-02T14:26:25.231955,Blinkit Mumbai (less than 80m).xlsx
Mumbai (less than 80m),44301.0,,,,,19.21936937,72.84528114,1.0163,coarse,2025-10-02T14:31:52.117392,Blinkit Mumbai (less than 80m).xlsx
Mumbai (less than 80m),37986.0,,,,,19.22387387,73.083484,0.4751,coarse,2025-10-02T14:36:48.155312,Blinkit Mumbai (less than 80m).xlsx
Mumbai (less than 80m),34286.0,,,,,19.22387387,73.12636051,0.2369,coarse,2025-10-02T14:36:53.286827,Blinkit Mumbai (less than 80m).xlsx
Mumbai (less than 80m),33313.0,,,,,19.2509009,72.86433737,0.3506,coarse,2025-10-02T14:56:44.577239,Blinkit Mumbai (less than 80m).xlsx
Mumbai (less than 80m),39982.0,,,,,19.29594595,73.19782137,3.2626,coarse,2025-10-02T15:34:31.765173,Blinkit Mumbai (less than 80m).xlsx
Mumbai (less than 80m),30024.0,,,,,18.96441442,72.84051709,0.0024,fine,2025-10-02T15:35:53.525263,Blinkit Mumbai (less than 80m).xlsx
Mumbai (less than 80m),30673.0,,,,,19.04698198,72.91712311,0.0013,fine,2025-10-02T16:12:23.972564,Blinkit Mumbai (less than 80m).xlsx
Mumbai (less than 80m),30710.0,,,,,19.13171171,72.87253155,0.0301,fine,2025-10-02T16:38:21.379972,Blinkit Mumbai (less than 80m).xlsx
Mumbai (less than 80m),43053.0,,,,,19.16261261,72.83956428,0.2839,fine,2025-10-02T16:45:53.251476,Blinkit Mumbai (less than 80m).xlsx
Mumbai (less than 80m),30795.0,,,,,19.1573072,72.83556718,0.0363,fine,2025-10-02T16:51:31.788275,Blinkit Mumbai (less than 80m).xlsx
Mumbai (less than 80m),30860.0,,,,,19.08523514,72.88967743,0.0025,fine,2025-10-02T16:53:51.399210,Blinkit Mumbai (less than 80m).xlsx
Mumbai (less than 80m),30930.0,,,,,19.22162163,72.84576227,0.0887,fine,2025-10-02T17:12:04.370507,Blinkit Mumbai (less than 80m).xlsx
Mumbai (less than 80m),31038.0,,,,,19.02127118,73.01297595,0.2629,fine,2025-10-02T17:17:22.398242,Blinkit Mumbai (less than 80m).xlsx
Mumbai (less than 80m),31102.0,,,,,18.9432883,72.82588672,0.0,fine,2025-10-02T17:30:25.282763,Blinkit Mumbai (less than 80m).xlsx
Mumbai (less than 80m),31225.0,,,,,19.11846847,72.90540827,4.0E-4,fine,2025-10-02T17:50:47.933901,Blinkit Mumbai (less than 80m).xlsx
Mumbai (less than 80m),31267.0,,,,,19.05351351,73.08100197,0.0548,fine,2025-10-02T18:10:42.765520,Blinkit Mumbai (less than 80m).xlsx
Mumbai (less than 80m),31287.0,,,,,19.16216216,72.93865666,0.0496,fine,2025-10-02T18:23:39.777293,Blinkit Mumbai (less than 80m).xlsx
Mumbai (less than 80m),31482.0,,,,,19.03531531,72.87596167,0.0018,fine,2025-10-02T18:40:20.122643,Blinkit Mumbai (less than 80m).xlsx
Mumbai (less than 80m),31547.0,,,,,19.10305315,72.99858379,0.0348,fine,2025-10-02T18:44:18.814977,Blinkit Mumbai (less than 80m).xlsx
Mumbai (less than 80m),32072.0,,,,,19.16441442,73.07395588,0.0047,fine,2025-10-02T18:55:14.821786,Blinkit Mumbai (less than 80m).xlsx
Mumbai (less than 80m),32783.0,,,,,19.00485495,73.1168324,2.0E-4,fine,2025-10-02T19:03:49.147038,Blinkit Mumbai (less than 80m).xlsx
Mumbai (less than 80m),33503.0,,,,,19.08343333,72.91007232,2.0E-4,fine,2025-10-02T19:34:15.659826,Blinkit Mumbai (less than 80m).xlsx
Mumbai (less than 80m),33628.0,,,,,19.28085585,72.87663336,0.0,fine,2025-10-02T19:58:12.636105,Blinkit Mumbai (less than 80m).xlsx
Mumbai (less than 80m),33684.0,,,,,19.13458468,72.83670584,0.0641,fine,2025-10-02T20:06:41.667245,Blinkit Mumbai (less than 80m).xlsx
Mumbai (less than 80m),33722.0,,,,,19.07225225,72.86667175,0.014,fine,2025-10-02T20:27:09.792320,Blinkit Mumbai (less than 80m).xlsx
Mumbai (less than 80m),33918.0,,,,,19.08406396,72.83852089,0.3142,fine,2025-10-02T20:42:01.532880,Blinkit Mumbai (less than 80m).xlsx
Mumbai (less than 80m),34138.0,,,,,19.0127928,73.09082065,0.0012,fine,2025-10-02T21:12:25.836501,Blinkit Mumbai (less than 80m).xlsx
Mumbai (less than 80m),34268.0,,,,,19.03108108,72.84432834,0.014,fine,2025-10-02T21:29:29.848594,Blinkit Mumbai (less than 80m).xlsx
Mumbai (less than 80m),34272.0,,,,,19.12442432,72.9243645,2.0E-4,fine,2025-10-02T21:49:55.457486,Blinkit Mumbai (less than 80m).xlsx
Mumbai (less than 80m),34292.0,,,,,19.14431442,72.83671056,0.5022,fine,2025-10-02T22:16:44.289002,Blinkit Mumbai (less than 80m).xlsx
Mumbai (less than 80m),34410.0,,,,,19.14809819,72.93045776,0.0049,fine,2025-10-02T22:40:29.550237,Blinkit Mumbai (less than 80m).xlsx
Mumbai (less than 80m),34492.0,,,,,19.18953964,72.84156991,0.0051,fine,2025-10-02T22:49:44.701882,Blinkit Mumbai (less than 80m).xlsx
Mumbai (less than 80m),34532.0,,,,,19.20746757,73.09816201,8.0E-4,fine,2025-10-02T23:20:04.719612,Blinkit Mumbai (less than 80m).xlsx
Mumbai (less than 80m),34556.0,,,,,19.06991982,72.90425545,0.0799,fine,2025-10-02T23:46:33.662143,Blinkit Mumbai (less than 80m).xlsx
Mumbai (less than 80m),34558.0,,,,,19.20855856,72.8233712,0.0552,fine,2025-10-03T00:04:59.759903,Blinkit Mumbai (less than 80m).xlsx
Mumbai (less than 80m),34652.0,,,,,19.14399909,72.99058961,0.2153,fine,2025-10-03T00:16:43.168799,Blinkit Mumbai (less than 80m).xlsx
Mumbai (less than 80m),34654.0,,,,,19.17792793,72.87291268,0.181,fine,2025-10-03T00:30:04.492017,Blinkit Mumbai (less than 80m).xlsx
Mumbai (less than 80m),34670.0,,,,,18.96206217,73.02192766,0.0032,fine,2025-10-03T00:50:29.787237,Blinkit Mumbai (less than 80m).xlsx
Mumbai (less than 80m),34672.0,,,,,19.24990001,72.97476349,0.0415,fine,2025-10-03T01:15:05.944805,Blinkit Mumbai (less than 80m).xlsx
Mumbai (less than 80m),34679.0,,,,,19.04769279,72.82527211,0.001,fine,2025-10-03T01:36:00.585835,Blinkit Mumbai (less than 80m).xlsx
Mumbai (less than 80m),42526.0,,,,,19.05720721,72.83384741,0.6968,fine,2025-10-03T01:43:47.422608,Blinkit Mumbai (less than 80m).xlsx
Mumbai (less than 80m),34750.0,,,,,18.96251261,72.81193274,0.0479,fine,2025-10-03T01:45:10.535664,Blinkit Mumbai (less than 80m).xlsx
Mumbai (less than 80m),34764.0,,,,,19.10405405,72.83889732,3.0E-4,fine,2025-10-03T01:59:56.795320,Blinkit Mumbai (less than 80m).xlsx
Mumbai (less than 80m),34833.0,,,,,19.12820811,72.82003635,0.1441,fine,2025-10-03T02:20:56.483889,Blinkit Mumbai (less than 80m).xlsx
Mumbai (less than 80m),34878.0,,,,,18.99674685,72.85109801,0.0015,fine,2025-10-03T02:23:53.153070,Blinkit Mumbai (less than 80m).xlsx
Mumbai (less than 80m),35002.0,,,,,19.0572973,72.88901518,0.2409,fine,2025-10-03T02:56:18.871424,Blinkit Mumbai (less than 80m).xlsx
Mumbai (less than 80m),35026.0,,,,,19.26566577,72.96543538,0.0025,fine,2025-10-03T03:26:14.286535,Blinkit Mumbai (less than 80m).xlsx
Mumbai (less than 80m),35076.0,,,,,19.17118108,72.94389241,0.1969,fine,2025-10-03T05:06:09.626102,Blinkit Mumbai (less than 80m).xlsx
Mumbai (less than 80m),35376.0,,,,,19.27962973,72.95523086,0.0314,fine,2025-10-03T05:30:30.910971,Blinkit Mumbai (less than 80m).xlsx
Mumbai (less than 80m),35566.0,,,,,19.10720721,72.90149702,0.0014,fine,2025-10-03T05:45:33.492325,Blinkit Mumbai (less than 80m).xlsx
Mumbai (less than 80m),44033.0,,,,,19.11486486,72.89863858,0.0801,fine,2025-10-03T05:50:33.082663,Blinkit Mumbai (less than 80m).xlsx
Mumbai (less than 80m),35640.0,,,,,19.22635135,72.86028793,0.0547,fine,2025-10-03T06:05:13.596771,Blinkit Mumbai (less than 80m).xlsx
Mumbai (less than 80m),43435.0,,,,,19.21936937,72.87100705,0.0481,fine,2025-10-03T06:18:58.207865,Blinkit Mumbai (less than 80m).xlsx
Mumbai (less than 80m),35654.0,,,,,19.10100091,72.91435997,0.0012,fine,2025-10-03T06:37:03.685099,Blinkit Mumbai (less than 80m).xlsx
Mumbai (less than 80m),35664.0,,,,,19.25351352,72.85433284,0.0049,fine,2025-10-03T06:59:10.661208,Blinkit Mumbai (less than 80m).xlsx
Mumbai (less than 80m),35682.0,,,,,19.17602612,72.83480022,1.0E-4,fine,2025-10-03T07:26:13.089183,Blinkit Mumbai (less than 80m).xlsx
Mumbai (less than 80m),35850.0,,,,,19.15572073,73.0790105,0.0015,fine,2025-10-03T07:43:50.013093,Blinkit Mumbai (less than 80m).xlsx
Mumbai (less than 80m),36044.0,,,,,19.09135135,73.00640157,0.1913,fine,2025-10-03T07:55:42.552215,Blinkit Mumbai (less than 80m).xlsx
Mumbai (less than 80m),36263.0,,,,,19.23955946,72.97095697,0.0029,fine,2025-10-03T08:21:06.337572,Blinkit Mumbai (less than 80m).xlsx
Mumbai (less than 80m),36269.0,,,,,19.15404414,72.84423777,0.0047,fine,2025-10-03T08:31:40.996835,Blinkit Mumbai (less than 80m).xlsx
Mumbai (less than 80m),36329.0,,,,,19.10206216,72.85095509,0.3137,fine,2025-10-03T08:45:02.608949,Blinkit Mumbai (less than 80m).xlsx
Mumbai (less than 80m),36457.0,,,,,19.21161171,72.98201429,0.0455,fine,2025-10-03T09:04:46.516009,Blinkit Mumbai (less than 80m).xlsx
Mumbai (less than 80m),42931.0,,,,,19.20855856,72.99677816,1.0711,fine,2025-10-03T09:06:10.995031,Blinkit Mumbai (less than 80m).xlsx
Mumbai (less than 80m),42999.0,,,,,19.25900901,73.13207738,1.5101,fine,2025-10-03T09:24:44.978928,Blinkit Mumbai (less than 80m).xlsx
Mumbai (less than 80m),36459.0,,,,,19.2564964,73.14256302,0.4559,fine,2025-10-03T09:29:08.554995,Blinkit Mumbai (less than 80m).xlsx
Mumbai (less than 80m),36465.0,,,,,19.03702702,73.06376081,0.0012,fine,2025-10-03T09:36:32.509216,Blinkit Mumbai (less than 80m).xlsx
Mumbai (less than 80m),36517.0,,,,,19.1195946,72.84328023,0.0376,fine,2025-10-03T10:11:14.119025,Blinkit Mumbai (less than 80m).xlsx
Mumbai (less than 80m),36519.0,,,,,19.17325315,72.87453245,0.0,fine,2025-10-03T10:24:57.532290,Blinkit Mumbai (less than 80m).xlsx
Mumbai (less than 80m),36598.0,,,,,19.2481982,73.13884706,0.0012,fine,2025-10-03T10:30:44.275745,Blinkit Mumbai (less than 80m).xlsx
Mumbai (less than 80m),36728.0,,,,,19.1972973,72.81612039,0.002,fine,2025-10-03T11:05:16.836686,Blinkit Mumbai (less than 80m).xlsx
Mumbai (less than 80m),43043.0,,,,,19.19054054,72.83003616,1.3003,fine,2025-10-03T11:11:31.578631,Blinkit Mumbai (less than 80m).xlsx
Mumbai (less than 80m),36858.0,,,,,19.21337837,72.84285148,1.0E-4,fine,2025-10-03T11:26:00.991910,Blinkit Mumbai (less than 80m).xlsx
Mumbai (less than 80m),36912.0,,,,,19.12018018,72.99120421,3.0E-4,fine,2025-10-03T11:50:17.839381,Blinkit Mumbai (less than 80m).xlsx
Mumbai (less than 80m),37032.0,,,,,19.27576576,72.86462321,0.0,fine,2025-10-03T12:01:40.932093,Blinkit Mumbai (less than 80m).xlsx
Mumbai (less than 80m),37070.0,,,,,18.97666667,72.82346176,0.0237,fine,2025-10-03T12:16:38.629931,Blinkit Mumbai (less than 80m).xlsx
Mumbai (less than 80m),37122.0,,,,,18.97,72.81717321,0.0,fine,2025-10-03T12:38:16.208000,Blinkit Mumbai (less than 80m).xlsx
Mumbai (less than 80m),37246.0,,,,,19.17477477,72.85623847,7.0E-4,fine,2025-10-03T12:52:44.354751,Blinkit Mumbai (less than 80m).xlsx
Mumbai (less than 80m),37432.0,,,,,19.04395405,73.0996865,0.2417,fine,2025-10-03T12:57:56.075147,Blinkit Mumbai (less than 80m).xlsx
Mumbai (less than 80m),37472.0,,,,,19.01216216,72.85089802,0.0643,fine,2025-10-03T13:07:01.292332,Blinkit Mumbai (less than 80m).xlsx
Mumbai (less than 80m),37478.0,,,,,19.11486487,72.88815765,0.0143,fine,2025-10-03T13:20:01.394560,Blinkit Mumbai (less than 80m).xlsx
Mumbai (less than 80m),35030.0,,,,,19.11126126,72.88434641,0.033,fine,2025-10-03T13:25:07.546744,Blinkit Mumbai (less than 80m).xlsx
Mumbai (less than 80m),37480.0,,,,,19.11386397,72.8577677,0.0055,fine,2025-10-03T13:31:59.294756,Blinkit Mumbai (less than 80m).xlsx
Mumbai (less than 80m),37692.0,,,,,19.19234235,73.19972699,0.327,fine,2025-10-03T13:36:20.726941,Blinkit Mumbai (less than 80m).xlsx
Mumbai (less than 80m),37810.0,,,,,19.24009009,73.15885611,0.0034,fine,2025-10-03T13:47:11.806958,Blinkit Mumbai (less than 80m).xlsx
Mumbai (less than 80m),37918.0,,,,,18.98459459,73.02769689,9.0E-4,fine,2025-10-03T14:22:12.233465,Blinkit Mumbai (less than 80m).xlsx
Mumbai (less than 80m),38026.0,,,,,19.06964955,73.07624263,3.0E-4,fine,2025-10-03T14:49:17.218386,Blinkit Mumbai (less than 80m).xlsx
Mumbai (less than 80m),38196.0,,,,,19.17639639,72.96690751,0.0015,fine,2025-10-03T14:56:33.518911,Blinkit Mumbai (less than 80m).xlsx
Mumbai (less than 80m),38202.0,,,,,19.11836847,72.93855666,0.0108,fine,2025-10-03T15:11:28.917098,Blinkit Mumbai (less than 80m).xlsx
Mumbai (less than 80m),38274.0,,,,,19.18476487,73.09014897,0.782,fine,2025-10-03T15:14:34.864531,Blinkit Mumbai (less than 80m).xlsx
Mumbai (less than 80m),38409.0,,,,,19.07211712,73.09572763,5.0E-4,fine,2025-10-03T15:28:01.435380,Blinkit Mumbai (less than 80m).xlsx
Mumbai (less than 80m),38524.0,,,,,19.15436937,72.88801474,0.0013,fine,2025-10-03T15:38:15.359207,Blinkit Mumbai (less than 80m).xlsx
Mumbai (less than 80m),38840.0,,,,,18.91454955,72.82627256,0.0011,fine,2025-10-03T15:52:47.865641,Blinkit Mumbai (less than 80m).xlsx
Mumbai (less than 80m),38960.0,,,,,19.06004505,73.00997459,5.0E-4,fine,2025-10-03T16:02:05.955669,Blinkit Mumbai (less than 80m).xlsx
Mumbai (less than 80m),34394.0,,,,,19.05,73.02059845,0.0286,fine,2025-10-03T16:08:08.135444,Blinkit Mumbai (less than 80m).xlsx
Mumbai (less than 80m),35020.0,,,,,19.19144144,72.96057132,0.1299,fine,2025-10-03T16:14:28.868400,Blinkit Mumbai (less than 80m).xlsx
Mumbai (less than 80m),38964.0,,,,,19.19306306,72.96628348,0.0,fine,2025-10-03T16:21:34.551738,Blinkit Mumbai (less than 80m).xlsx
Mumbai (less than 80m),39094.0,,,,,19.08198198,72.85528567,0.0,fine,2025-10-03T16:24:38.843532,Blinkit Mumbai (less than 80m).xlsx
Mumbai (less than 80m),39298.0,,,,,19.240891,72.84613395,0.0013,fine,2025-10-03T16:33:36.514745,Blinkit Mumbai (less than 80m).xlsx
Mumbai (less than 80m),39346.0,,,,,19.14288289,73.04737246,0.0133,fine,2025-10-03T16:42:48.622271,Blinkit Mumbai (less than 80m).xlsx
Mumbai (less than 80m),39455.0,,,,,19.20540541,73.16085228,2.0E-4,fine,2025-10-03T17:05:38.484956,Blinkit Mumbai (less than 80m).xlsx
Mumbai (less than 80m),39566.0,,,,,19.27062072,72.88111157,8.0E-4,fine,2025-10-03T17:31:04.075099,Blinkit Mumbai (less than 80m).xlsx
Mumbai (less than 80m),39567.0,,,,,19.14171171,72.79735472,0.0014,fine,2025-10-03T17:39:59.956055,Blinkit Mumbai (less than 80m).xlsx
Mumbai (less than 80m),39972.0,,,,,19.03315315,72.86147894,0.0017,fine,2025-10-03T17:49:58.004681,Blinkit Mumbai (less than 80m).xlsx
Mumbai (less than 80m),39974.0,,,,,19.27405406,73.04289895,0.0,fine,2025-10-03T17:54:44.164369,Blinkit Mumbai (less than 80m).xlsx
Mumbai (less than 80m),39980.0,,,,,19.21981981,72.95771289,0.0,fine,2025-10-03T18:12:34.451717,Blinkit Mumbai (less than 80m).xlsx
Mumbai (less than 80m),40146.0,,,,,18.95711711,72.8144577,6.0E-4,fine,2025-10-03T18:23:20.386710,Blinkit Mumbai (less than 80m).xlsx
Mumbai (less than 80m),40439.0,,,,,19.18094594,72.99530131,8.0E-4,fine,2025-10-03T18:34:44.308516,Blinkit Mumbai (less than 80m).xlsx
Mumbai (less than 80m),40670.0,,,,,19.03531531,72.89587543,0.0021,fine,2025-10-03T18:56:10.556982,Blinkit Mumbai (less than 80m).xlsx
Mumbai (less than 80m),41058.0,,,,,19.28787298,72.86496142,1.0E-4,fine,2025-10-03T18:58:43.846237,Blinkit Mumbai (less than 80m).xlsx
Mumbai (less than 80m),36257.0,,,,,19.29954955,72.86814862,0.3594,fine,2025-10-03T19:01:27.580393,Blinkit Mumbai (less than 80m).xlsx
Mumbai (less than 80m),42164.0,,,,,19.29954955,72.85576206,2.6285,fine,2025-10-03T19:08:56.908314,Blinkit Mumbai (less than 80m).xlsx
Mumbai (less than 80m),41163.0,,,,,19.00278288,72.82259952,5.0E-4,fine,2025-10-03T19:21:02.517543,Blinkit Mumbai (less than 80m).xlsx
Mumbai (less than 80m),41529.0,,,,,19.23702703,72.9960159,0.0,fine,2025-10-03T19:34:09.358154,Blinkit Mumbai (less than 80m).xlsx
Mumbai (less than 80m),41542.0,,,,,19.15730721,72.85490926,0.152,fine,2025-10-03T19:36:19.610808,Blinkit Mumbai (less than 80m).xlsx
Mumbai (less than 80m),41649.0,,,,,19.08076576,72.87958236,0.0019,fine,2025-10-03T19:44:29.992795,Blinkit Mumbai (less than 80m).xlsx
Mumbai (less than 80m),43041.0,,,,,19.12217207,72.86920143,0.0015,fine,2025-10-03T20:12:38.233303,Blinkit Mumbai (less than 80m).xlsx
